<?xml version="1.0" encoding="UTF-8"?>
<project-private xmlns="http://www.netbeans.org/ns/project-private/1">
    <editor-bookmarks xmlns="http://www.netbeans.org/ns/editor-bookmarks/2" lastBookmarkId="0"/>
    <open-files xmlns="http://www.netbeans.org/ns/projectui-open-files/2">
        <group>
            <file>file:/G:/Start/Edit/Edit2/Ibrahem/src/office/Controller/StudentController.java</file>
            <file>file:/G:/Start/Edit/Edit2/Ibrahem/src/office/InterFace/MoreLessBooks.java</file>
            <file>file:/G:/Start/Edit/Edit2/Ibrahem/src/Database/DbConnection.java</file>
            <file>file:/G:/Start/Edit/Edit2/Ibrahem/src/office/InterFace/BookFrame.java</file>
        </group>
    </open-files>
</project-private>
